{
  "description": "项目配置文件",
  "cloudfunctionRoot": "cloud/",
  "packOptions": {
    "ignore": [
      {
        "type": "file",
        "value": ".eslintrc.js"
      }
    ]
  },
  "setting": {
    "urlCheck": true,
    "es6": true,
    "enhance": true,
    "postcss": true,
    "preloadBackgroundData": false,
    "minified": true,
    "newFeature": false,
    "coverView": true,
    "nodeModules": false,
    "autoAudits": false,
    "showShadowRootInWxmlPanel": true,
    "scopeDataCheck": false,
    "uglifyFileName": false,
    "checkInvalidKey": true,
    "checkSiteMap": true,
    "uploadWithSourceMap": true,
    "compileHotReLoad": false,
    "lazyloadPlaceholderEnable": false,
    "useMultiFrameRuntime": true,
    "useApiHook": true,
    "useApiHostProcess": true,
    "babelSetting": {
      "ignore": [],
      "disablePlugins": [],
      "outputPath": ""
    },
    "enableEngineNative": false,
    "useIsolateContext": false,
    "userConfirmedBundleSwitch": false,
    "packNpmManually": false,
    "packNpmRelationList": [],
    "minifyWXSS": true,
    "disableUseStrict": false,
    "minifyWXML": true,
    "showES6CompileOption": false,
    "useCompilerPlugins": false
  },
  "compileType": "miniprogram",
  "libVersion": "2.19.4",
  "appid": "wx261460186f631fa3",
  "projectname": "roomwe",
  "debugOptions": {
    "hidedInDevtools": []
  },
  "scripts": {},
  "staticServerOptions": {
    "baseURL": "",
    "servePath": ""
  },
  "isGameTourist": false,
  "simulatorType": "wechat",
  "simulatorPluginLibVersion": {},
  "condition": {
    "search": {
      "list": []
    },
    "conversation": {
      "list": []
    },
    "game": {
      "currentL": -1,
      "list": []
    },
    "plugin": {
      "list": []
    },
    "gamePlugin": {
      "list": []
    },
    "miniprogram": {
      "list": [
        {
          "id": -1,
          "name": "indexpage",
          "pathName": "pages/index/index",
          "query": "",
          "scene": null
        },
        {
          "id": -1,
          "name": "推荐页",
          "pathName": "pages/recommend/recommend",
          "query": "",
          "scene": null
        },
        {
          "id": -1,
          "name": "消息页",
          "pathName": "pages/saves/saves",
          "query": "",
          "scene": null
        },
        {
          "id": -1,
          "name": "user",
          "pathName": "pages/user/user",
          "query": "",
          "scene": null
        },
        {
          "id": -1,
          "name": "phoneLogin",
          "pathName": "pages/user/phoneLogin/phoneLogin",
          "query": "",
          "scene": null
        },
        {
          "id": -1,
          "name": "搜索页",
          "pathName": "pages/search/search",
          "scene": null
        }
      ]
    }
  }
}